{
    "test_loss": 1.0672655979308805,
    "test_acc": 0.6688864118098913,
    "test_acc_dirty": 0.7325004957366646,
    "unseen_loss": 1.2805727353287473,
    "unseen_acc": 0.4515062161300606,
    "unseen_acc_dirty": 0.6086228881096589
}