{
    "test_loss": 0.974617812394714,
    "test_acc": 0.764479842288359,
    "test_acc_dirty": 0.7988984057493902,
    "unseen_loss": 1.4389015979135915,
    "unseen_acc": 0.29144086707044947,
    "unseen_acc_dirty": 0.48653171820210395
}