{
    "test_loss": 0.42409184504398345,
    "test_acc": 0.8422132765016971,
    "test_acc_dirty": 0.8844789181967122,
    "unseen_loss": 1.816463097645219,
    "unseen_acc": 0.41002550207204336,
    "unseen_acc_dirty": 0.5841966847306344
}