{
    "test_loss": 1.0741034763831496,
    "test_acc": 0.49667615785795555,
    "test_acc_dirty": 0.6283765442437754,
    "unseen_loss": 1.3904901352657635,
    "unseen_acc": 0.7252151737328658,
    "unseen_acc_dirty": 1.0
}