{
    "test_loss": 0.9299567223212043,
    "test_acc": 0.8095562627423575,
    "test_acc_dirty": 0.8470686080292013,
    "unseen_loss": 1.3738400508429258,
    "unseen_acc": 0.3512113484220593,
    "unseen_acc_dirty": 0.5768648390181702
}